{"pitch": [-3.3482693511373243, 7.3299659265854, 250.7115736026778, 50.65757516231183], "energy": [-1.7202867269515991, 5.60482120513916, 54.17480098163227, 31.4400688275403]}